{"name":"d0ecf235-b5e8-4a26-bb65-ba3f0aeed9a7","id":"/providers/Microsoft.Flow/flows/d0ecf235-b5e8-4a26-bb65-ba3f0aeed9a7","type":"Microsoft.Flow/flows","properties":{"apiId":"/providers/Microsoft.PowerApps/apis/shared_logicflows","displayName":"DailyTasksReminder","definition":{"metadata":{"workflowEntityId":null,"processAdvisorMetadata":null,"flowChargedByPaygo":null,"flowclientsuspensionreason":"None","flowclientsuspensiontime":null,"flowclientsuspensionreasondetails":null,"creator":{"id":"dda2c64b-5b80-4bba-b301-341a08adcadc","type":"User","tenantId":"bd0edc69-11ea-4701-85eb-20002872112d"},"provisioningMethod":"FromDefinition","failureAlertSubscription":true,"clientLastModifiedTime":"2024-08-28T08:01:58.7305409Z","connectionKeySavedTimeKey":"2024-08-28T08:01:58.7305409Z"},"$schema":"https://schema.management.azure.com/providers/Microsoft.Logic/schemas/2016-06-01/workflowdefinition.json#","contentVersion":"1.0.0.0","parameters":{"$connections":{"defaultValue":{},"type":"Object"},"$authentication":{"defaultValue":{},"type":"SecureObject"}},"triggers":{"Recurrence":{"recurrence":{"frequency":"Week","interval":1,"timeZone":"India Standard Time","schedule":{"weekDays":["Monday","Tuesday","Wednesday","Thursday","Friday"],"hours":["16","12"]}},"metadata":{"operationMetadataId":"78ddb183-475a-4a59-b53d-5b22d9a0ed28"},"type":"Recurrence"}},"actions":{"List_rows":{"runAfter":{"Delay":["Succeeded"]},"metadata":{"operationMetadataId":"42fdd4ef-c21c-4677-a64e-96fdfec3c183"},"type":"OpenApiConnection","inputs":{"host":{"apiId":"/providers/Microsoft.PowerApps/apis/shared_commondataserviceforapps","connectionName":"shared_commondataserviceforapps","operationId":"ListRecords"},"parameters":{"entityName":"cra50_employeesgroups"},"authentication":"@parameters('$authentication')"}},"Apply_to_each":{"foreach":"@outputs('List_rows')?['body/value']","actions":{"Create_text_with_GPT_using_a_prompt":{"runAfter":{},"metadata":{"operationMetadataId":"e689ed22-68ac-4693-850b-829d6357847e","flowSystemMetadata":{"portalOperationId":"aibuilderpredict_customprompt","portalOperationGroup":"aibuilder","portalOperationApiDisplayNameOverride":"AI Builder","portalOperationIconOverride":"https://content.powerapps.com/resource/makerx/static/pauto/images/designeroperations/aiBuilderNew.51dbdb6b.png","portalOperationBrandColorOverride":"#0A76C4","portalOperationApiTierOverride":"Standard"}},"type":"OpenApiConnection","inputs":{"host":{"apiId":"/providers/Microsoft.PowerApps/apis/shared_commondataserviceforapps","connectionName":"shared_commondataserviceforapps","operationId":"aibuilderpredict_customprompt"},"parameters":{"recordId":"ea72bc25-2dfe-4c6d-8724-ce73a2c6d451","item/requestv2/Reminder_20Text":"@items('Apply_to_each')?['cra50_remindertext']","item/requestv2/User_20Firstname":"@items('Apply_to_each')?['cra50_newcolumn']","item/requestv2/additionalContext":"Keep message tone informal and friendly"},"authentication":"@parameters('$authentication')"}},"Create_a_chat":{"runAfter":{"Set_variable":["Succeeded"]},"metadata":{"operationMetadataId":"298baaf3-1f49-4a7a-9157-8255fb169c2f"},"type":"OpenApiConnection","inputs":{"host":{"apiId":"/providers/Microsoft.PowerApps/apis/shared_teams","connectionName":"shared_teams","operationId":"CreateChat"},"parameters":{"item/members":"@items('Apply_to_each')?['cra50_newcolumn']"},"authentication":"@parameters('$authentication')"}},"Post_message_in_a_chat_or_channel":{"runAfter":{"Create_a_chat":["Succeeded"]},"metadata":{"operationMetadataId":"cc8ce2ce-58c0-4268-85d5-a12144e31cec"},"type":"OpenApiConnection","inputs":{"host":{"apiId":"/providers/Microsoft.PowerApps/apis/shared_teams","connectionName":"shared_teams","operationId":"PostMessageToConversation"},"parameters":{"poster":"User","location":"Group chat","body/recipient":"@outputs('Create_a_chat')?['body/id']","body/messageBody":"<p>@{variables('varMessageReplace')}</p>"},"authentication":"@parameters('$authentication')"}},"Set_variable":{"runAfter":{"Set_variable_2":["Succeeded"]},"metadata":{"operationMetadataId":"3d67c7f5-49fe-4900-9070-dfe18a989bc8"},"type":"SetVariable","inputs":{"name":"varMessageReplace","value":"@{replace(replace(variables('varMessage'),'#','<br> -'),'*','<br><br>')}"}},"Set_variable_2":{"runAfter":{"Create_text_with_GPT_using_a_prompt":["Succeeded"]},"metadata":{"operationMetadataId":"f3717e79-c5fe-48de-babc-7f05f6b29781"},"type":"SetVariable","inputs":{"name":"varMessage","value":"@outputs('Create_text_with_GPT_using_a_prompt')?['body/responsev2/predictionOutput/text']"}}},"runAfter":{"Initialize_variable":["Succeeded"]},"metadata":{"operationMetadataId":"01b8acce-07dd-4479-ba94-d62f8bed8a28"},"type":"Foreach"},"Delay":{"runAfter":{},"metadata":{"operationMetadataId":"aede343e-e377-43ed-8ade-a85ac09c7903"},"type":"Wait","inputs":{"interval":{"count":"@rand(1,1350)","unit":"Second"}},"description":"rand(1,1350)"},"Initialize_variable":{"runAfter":{"Initialize_variable_2":["Succeeded"]},"metadata":{"operationMetadataId":"9f165e18-a017-4980-9fbe-aeaaa04445cd"},"type":"InitializeVariable","inputs":{"variables":[{"name":"varMessageReplace","type":"string"}]}},"Initialize_variable_2":{"runAfter":{"List_rows":["Succeeded"]},"metadata":{"operationMetadataId":"368d205a-c7de-4b83-bb92-358b7db04331"},"type":"InitializeVariable","inputs":{"variables":[{"name":"varMessage","type":"string"}]}}}},"connectionReferences":{"shared_commondataserviceforapps":{"connectionName":"shared-commondataser-81c2f771-61bc-4cae-b2cf-407e5da3a462","source":"Embedded","id":"/providers/Microsoft.PowerApps/apis/shared_commondataserviceforapps","tier":"NotSpecified"},"shared_teams":{"connectionName":"shared-teams-f71983d5-6cb2-4bdf-b80c-5a634c0bc3c8","source":"Embedded","id":"/providers/Microsoft.PowerApps/apis/shared_teams","tier":"NotSpecified"}},"flowFailureAlertSubscribed":false,"isManaged":false}}